people,269,932,1660557600.jpg,1920,1080
people,214,928,1660557600.jpg,1920,1080
people,112,567,1660557600.jpg,1920,1080
people,130,576,1660557600.jpg,1920,1080
people,85,663,1660557600.jpg,1920,1080
people,98,643,1660557600.jpg,1920,1080
people,44,617,1660557600.jpg,1920,1080
people,10,613,1660557600.jpg,1920,1080
people,192,629,1660557600.jpg,1920,1080
people,317,675,1660557600.jpg,1920,1080
people,255,645,1660557600.jpg,1920,1080
people,180,575,1660557600.jpg,1920,1080
people,239,572,1660557600.jpg,1920,1080
people,211,556,1660557600.jpg,1920,1080
people,243,543,1660557600.jpg,1920,1080
people,337,539,1660557600.jpg,1920,1080
people,353,535,1660557600.jpg,1920,1080
people,383,510,1660557600.jpg,1920,1080
people,385,553,1660557600.jpg,1920,1080
people,322,580,1660557600.jpg,1920,1080
people,296,559,1660557600.jpg,1920,1080
people,368,567,1660557600.jpg,1920,1080
people,385,573,1660557600.jpg,1920,1080
people,419,562,1660557600.jpg,1920,1080
people,399,574,1660557600.jpg,1920,1080
people,454,571,1660557600.jpg,1920,1080
people,488,573,1660557600.jpg,1920,1080
people,453,554,1660557600.jpg,1920,1080
people,498,544,1660557600.jpg,1920,1080
people,520,558,1660557600.jpg,1920,1080
people,525,529,1660557600.jpg,1920,1080
people,532,546,1660557600.jpg,1920,1080
people,544,542,1660557600.jpg,1920,1080
people,544,621,1660557600.jpg,1920,1080
people,566,666,1660557600.jpg,1920,1080
people,1832,979,1660557600.jpg,1920,1080
people,1734,970,1660557600.jpg,1920,1080
people,648,602,1660557600.jpg,1920,1080
people,619,593,1660557600.jpg,1920,1080
people,601,593,1660557600.jpg,1920,1080
people,579,572,1660557600.jpg,1920,1080
people,601,562,1660557600.jpg,1920,1080
people,587,563,1660557600.jpg,1920,1080
people,649,561,1660557600.jpg,1920,1080
people,678,561,1660557600.jpg,1920,1080
people,646,523,1660557600.jpg,1920,1080
people,708,572,1660557600.jpg,1920,1080
people,715,540,1660557600.jpg,1920,1080
people,703,528,1660557600.jpg,1920,1080
people,732,538,1660557600.jpg,1920,1080
people,745,548,1660557600.jpg,1920,1080
people,771,534,1660557600.jpg,1920,1080
people,804,520,1660557600.jpg,1920,1080
people,815,518,1660557600.jpg,1920,1080
people,761,635,1660557600.jpg,1920,1080
people,814,600,1660557600.jpg,1920,1080
people,806,572,1660557600.jpg,1920,1080
people,779,581,1660557600.jpg,1920,1080
people,794,634,1660557600.jpg,1920,1080
people,813,633,1660557600.jpg,1920,1080
people,832,629,1660557600.jpg,1920,1080
people,978,591,1660557600.jpg,1920,1080
people,943,588,1660557600.jpg,1920,1080
people,924,588,1660557600.jpg,1920,1080
people,888,574,1660557600.jpg,1920,1080
people,928,554,1660557600.jpg,1920,1080
people,836,562,1660557600.jpg,1920,1080
people,917,509,1660557600.jpg,1920,1080
people,1036,605,1660557600.jpg,1920,1080
people,993,546,1660557600.jpg,1920,1080
people,948,524,1660557600.jpg,1920,1080
people,945,510,1660557600.jpg,1920,1080
people,968,509,1660557600.jpg,1920,1080
people,962,532,1660557600.jpg,1920,1080
people,976,524,1660557600.jpg,1920,1080
people,986,504,1660557600.jpg,1920,1080
people,1014,512,1660557600.jpg,1920,1080
people,1034,522,1660557600.jpg,1920,1080
people,1021,494,1660557600.jpg,1920,1080
people,1034,503,1660557600.jpg,1920,1080
people,1046,509,1660557600.jpg,1920,1080
people,1055,508,1660557600.jpg,1920,1080
people,1064,517,1660557600.jpg,1920,1080
people,1096,484,1660557600.jpg,1920,1080
people,1080,503,1660557600.jpg,1920,1080
people,989,481,1660557600.jpg,1920,1080
people,1122,582,1660557600.jpg,1920,1080
people,1091,531,1660557600.jpg,1920,1080
people,1103,531,1660557600.jpg,1920,1080
people,1103,512,1660557600.jpg,1920,1080
people,1119,511,1660557600.jpg,1920,1080
people,1127,499,1660557600.jpg,1920,1080
people,1161,507,1660557600.jpg,1920,1080
people,1148,498,1660557600.jpg,1920,1080
people,1173,492,1660557600.jpg,1920,1080
people,1182,504,1660557600.jpg,1920,1080
people,1199,476,1660557600.jpg,1920,1080
people,1254,468,1660557600.jpg,1920,1080
people,1112,492,1660557600.jpg,1920,1080
people,1160,481,1660557600.jpg,1920,1080
people,1159,538,1660557600.jpg,1920,1080
people,1140,538,1660557600.jpg,1920,1080
people,1237,496,1660557600.jpg,1920,1080
people,1267,491,1660557600.jpg,1920,1080
people,1273,520,1660557600.jpg,1920,1080
people,1369,574,1660557600.jpg,1920,1080
people,1273,584,1660557600.jpg,1920,1080
people,1288,576,1660557600.jpg,1920,1080
people,1209,572,1660557600.jpg,1920,1080
people,1356,585,1660557600.jpg,1920,1080
people,1378,598,1660557600.jpg,1920,1080
people,1405,600,1660557600.jpg,1920,1080
people,1438,602,1660557600.jpg,1920,1080
people,1341,477,1660557600.jpg,1920,1080
people,1342,487,1660557600.jpg,1920,1080
people,1329,485,1660557600.jpg,1920,1080
people,1299,480,1660557600.jpg,1920,1080
people,1351,464,1660557600.jpg,1920,1080
people,1336,444,1660557600.jpg,1920,1080
people,1351,444,1660557600.jpg,1920,1080
people,1539,586,1660557600.jpg,1920,1080
people,1507,563,1660557600.jpg,1920,1080
people,1485,515,1660557600.jpg,1920,1080
people,1463,475,1660557600.jpg,1920,1080
people,1414,484,1660557600.jpg,1920,1080
people,1400,482,1660557600.jpg,1920,1080
people,1419,461,1660557600.jpg,1920,1080
people,1438,475,1660557600.jpg,1920,1080
people,1408,460,1660557600.jpg,1920,1080
people,1381,481,1660557600.jpg,1920,1080
people,1481,458,1660557600.jpg,1920,1080
people,1493,456,1660557600.jpg,1920,1080
people,1521,463,1660557600.jpg,1920,1080
people,1534,495,1660557600.jpg,1920,1080
people,1656,576,1660557600.jpg,1920,1080
people,1635,568,1660557600.jpg,1920,1080
people,1670,557,1660557600.jpg,1920,1080
people,1698,555,1660557600.jpg,1920,1080
people,1736,573,1660557600.jpg,1920,1080
people,1725,552,1660557600.jpg,1920,1080
people,1709,555,1660557600.jpg,1920,1080
people,1569,494,1660557600.jpg,1920,1080
people,1601,516,1660557600.jpg,1920,1080
people,1609,522,1660557600.jpg,1920,1080
people,1625,522,1660557600.jpg,1920,1080
people,1605,477,1660557600.jpg,1920,1080
people,1600,469,1660557600.jpg,1920,1080
people,1590,467,1660557600.jpg,1920,1080
people,1581,465,1660557600.jpg,1920,1080
people,1542,445,1660557600.jpg,1920,1080
people,1537,428,1660557600.jpg,1920,1080
people,1575,426,1660557600.jpg,1920,1080
people,1585,428,1660557600.jpg,1920,1080
people,1563,431,1660557600.jpg,1920,1080
people,1555,428,1660557600.jpg,1920,1080
people,1835,453,1660557600.jpg,1920,1080
people,1896,503,1660557600.jpg,1920,1080
people,1888,486,1660557600.jpg,1920,1080
people,1872,490,1660557600.jpg,1920,1080
people,1859,498,1660557600.jpg,1920,1080
people,1848,498,1660557600.jpg,1920,1080
people,1838,489,1660557600.jpg,1920,1080
people,1750,510,1660557600.jpg,1920,1080
people,1707,494,1660557600.jpg,1920,1080